Actual_Price,Predicted_Price,Absolute_Error
1090000.0,1.2088808e+06,118880.75
569000.0,517122.16,51877.84375
635000.0,603845.8,31154.1875
449000.0,436422.6,12577.40625
505000.0,513636.1,8636.09375
425000.0,442424.47,17424.46875
1800000.0,721449.0,1078551.0
525000.0,399729.1,125270.90625
279000.0,308907.0,29907.0
420000.0,454912.75,34912.75
215000.0,315429.16,100429.15625
219000.0,276212.56,57212.5625
820000.0,804544.0,15456.0
529000.0,595940.7,66940.6875
329000.0,307924.97,21075.03125
650000.0,811178.56,161178.5625
899000.0,641398.5,257601.5
420000.0,451007.84,31007.84375
399000.0,462861.84,63861.84375
510000.0,525785.7,15785.6875
550000.0,650286.4,100286.375
600000.0,580396.25,19603.75
390000.0,307924.97,82075.03125
489000.0,645060.5,156060.5
795000.0,872512.0,77512.0
475000.0,453619.34,21380.65625
235000.0,315429.16,80429.15625
980000.0,880321.0,99679.0
445000.0,289239.28,155760.71875
330000.0,314148.4,15851.59375
290000.0,288974.84,1025.15625
275000.0,320754.5,45754.5
410000.0,328031.62,81968.375
240000.0,279334.06,39334.0625
630000.0,587774.06,42225.9375
215000.0,369047.94,154047.9375
570000.0,667469.0,97469.0
400000.0,458341.12,58341.125
679000.0,596083.56,82916.4375
670000.0,603167.9,66832.125
539000.0,458341.12,80658.875
495000.0,580396.25,85396.25
610000.0,817004.75,207004.75
599000.0,784052.8,185052.8125
400000.0,437964.53,37964.53125
339000.0,364455.88,25455.875
385000.0,440770.4,55770.40625
749000.0,653886.06,95113.9375
1100000.0,665060.25,434939.75
399000.0,490806.8,91806.8125
225000.0,279801.16,54801.15625
750000.0,861300.06,111300.0625
369000.0,363569.94,5430.0625
775000.0,883962.5,108962.5
1050000.0,940921.5,109078.5
475000.0,517122.16,42122.15625
255000.0,268247.53,13247.53125
675000.0,633994.75,41005.25
475000.0,479672.72,4672.71875
470000.0,576555.06,106555.0625
980000.0,880321.0,99679.0
465000.0,334758.84,130241.15625
565000.0,487640.8,77359.1875
390000.0,435635.16,45635.15625
440000.0,485742.53,45742.53125
570000.0,634984.8,64984.8125
685000.0,793632.9,108632.875
399000.0,304584.47,94415.53125
615000.0,619481.44,4481.4375
299000.0,276331.56,22668.4375
695000.0,669421.56,25578.4375
319000.0,254857.14,64142.859375
280000.0,406706.7,126706.6875
800000.0,677669.4,122330.625
480000.0,500266.78,20266.78125
560000.0,576220.94,16220.9375
270000.0,316661.22,46661.21875
549000.0,786094.6,237094.625
601000.0,601325.3,325.3125
180000.0,276972.5,96972.5
219000.0,276212.56,57212.5625
149000.0,221177.22,72177.21875
510000.0,653886.06,143886.0625
485000.0,455737.75,29262.25
485000.0,499634.75,14634.75
520000.0,334758.84,185241.15625
3990000.0,429234.9,3560765.09375
646000.0,696114.56,50114.5625
795000.0,703402.2,91597.8125
1950000.0,931286.8,1018713.1875
418000.0,329263.6,88736.40625
270000.0,313551.28,43551.28125
280000.0,315429.16,35429.15625
565000.0,505488.25,59511.75
425000.0,511187.94,86187.9375
389000.0,415811.38,26811.375
550000.0,675679.4,125679.375
209000.0,315429.16,106429.15625
395000.0,411473.3,16473.3125
630000.0,671485.56,41485.5625
499000.0,502050.94,3050.9375
209000.0,315429.16,106429.15625
490000.0,680001.9,190001.875
390000.0,396199.4,6199.40625
450000.0,580396.25,130396.25
380000.0,436422.6,56422.59375
459000.0,519354.56,60354.5625
420000.0,477779.8,57779.8125
355000.0,547291.9,192291.875
495000.0,466123.2,28876.8125
499000.0,660756.06,161756.0625
490000.0,564626.2,74626.1875
740000.0,705809.9,34190.125
519000.0,487640.8,31359.1875
695000.0,660905.25,34094.75
489000.0,451916.44,37083.5625
1300000.0,940921.5,359078.5
429000.0,449631.44,20631.4375
465000.0,492011.03,27011.03125
285000.0,260610.77,24389.234375
539000.0,553547.6,14547.625
539000.0,548544.25,9544.25
300000.0,296530.78,3469.21875
350000.0,286440.72,63559.28125
340000.0,507557.28,167557.28125
519000.0,487640.8,31359.1875
430000.0,455841.3,25841.3125
489000.0,458341.12,30658.875
475000.0,479672.72,4672.71875
675000.0,729111.8,54111.8125
395000.0,336951.0,58049.0
700000.0,542805.0,157195.0
369000.0,363569.94,5430.0625
420000.0,435635.16,15635.15625
529000.0,449031.97,79968.03125
419000.0,436077.3,17077.3125
450000.0,402844.03,47155.96875
750000.0,693320.8,56679.1875
310000.0,314123.38,4123.375
479000.0,412884.4,66115.59375
320000.0,335487.03,15487.03125
439000.0,451710.0,12710.0
450000.0,435635.16,14364.84375
462500.0,521537.8,59037.8125
360000.0,478184.1,118184.09375
399000.0,436388.1,37388.09375
380000.0,409633.34,29633.34375
850000.0,623539.94,226460.0625
550000.0,592933.7,42933.6875
535000.0,491518.25,43481.75
740000.0,658057.75,81942.25
315000.0,315429.16,429.15625
430000.0,313551.28,116448.71875
480000.0,610243.4,130243.375
620000.0,544524.5,75475.5
439000.0,462811.62,23811.625
